"","fly","class","order","family","genus.species","common.name","sum_mass","trial.diet","N_tot","total_MRT","MRT","avg_mass","re_class"
"1","Y","Aves","Accipitriformes","Accipitridae","Acciter nisus","sparrowhawk",219.5,"meat",2,756,378,109.75,"Flying Birds"
"2","N","Mammalia","Carnivora","Felidae","Acinonyx jubatus","cheetah",32170,"unknown",1,1520.4,1520.4,32170,"Carnivora"
"3","Y","Aves","Passeriformes","Sturnidae","Acridotheres cristatellus","crested-myna",375,"fruit/nectar/pollen",18,318,17.6666666666667,20.8333333333333,"Flying Birds"
"4","N","Mammalia","Artiodactyla","Bovidae","Addax nasomaculatus","addax",348000,"fiber/foliage",32,75360,2355,10875,"Artiodactyla"
"5","Y","Aves","Charadriiformes","Alcidae","Alca torda","razorbill",2424,"meat",12,3827.4,318.95,202,"Flying Birds"
"6","N","Mammalia","Artiodactyla","Cervidae","Alces alces","moose",5843285.7142,"fiber/foliage",51,131386.285716,2576.20168070588,114574.229690196,"Artiodactyla"
"7","N","Mammalia","Primates","Cercopithecidae","Allenopithecus nigroviridis","Allen‚Äôs swamp monkey",9800,"fiber/foliage",3,4239.9999,1413.3333,3266.66666666667,"Primates"
"8","Y","Aves","Anseriformes","Anatidae","Alopochen aegyptiaca","Egyptian goose",NA,"fiber/foliage",70,20274,289.628571428571,NA,"Flying Birds"
"9","N","Mammalia","Primates","Atelidae","Alouatta caraya ","black howler monkey",16220,"fiber/foliage",6,10224,1704,2703.33333333333,"Primates"
"10","N","Mammalia","Primates","Atelidae","Alouatta palliata","mantled howler monkey",36900,"fiber/foliage",12,22788,1899,3075,"Primates"
"11","N","Mammalia","Primates","Atelidae","Alouatta sara","Bolivian red howler monkey",49080,"fiber/foliage",12,29952,2496,4090,"Primates"
"12","Y","Aves","Anseriformes","Anatidae","Anas crecca","Eurasian Teal",720,"fiber/foliage",6,5752.8,958.8,120,"Flying Birds"
"13","Y","Aves","Anseriformes","Anatidae","Anas erthrorhyncha","Red-billed teal",3850,"fiber/foliage",70,12786,182.657142857143,55,"Flying Birds"
"14","Y","Aves","Anseriformes","Anatidae","Anas platyrhynchos","mallard duck",NA,"fiber/foliage",66,33081.2,501.230303030303,NA,"Flying Birds"
"15","Y","Aves","Anseriformes","Anatidae","Anas platyrhynchos","mallard duck",1120,"meat",6,2772,462,186.666666666667,"Flying Birds"
"16","Y","Aves","Anseriformes","Anatidae","Anser anser","Goose",NA,"fiber/foliage",18,2952,164,NA,"Flying Birds"
"17","Y","Aves","Anseriformes","Anatidae","Anser anser","Greylag Goose",NA,"fiber/foliage",40,24720,618,NA,"Flying Birds"
"18","Y","Aves","Anseriformes","Anseranatidae","Anseranas semipalmata","Australian magpie goose",5000,"fiber/foliage",10,3420,342,500,"Flying Birds"
"19","N","Mammalia","Artiodactyla","Bovidae","Antilope cervicapra","blackbuck",52000,"fiber/foliage",10,26700,2670,5200,"Artiodactyla"
"20","N","Aves","Sphenisciformes","Spheniscidae","Aptenodytes patagonicus","king penguin",40950,"meat",15,18300,1220,2730,"Non-Flying Birds"
"21","N","Mammalia","Diprotodontia","Potoroidae","Apyprymnus rufescens","Rat Kangaroo",7440,"fiber/foliage",22,31560,1434.54545454545,338.181818181818,"Diprotodontia"
"22","N","Mammalia","Carnivora","Viverridae","Arctictis binturong","binturong",18900,"protein",4,1560,390,4725,"Carnivora"
"23","N","Mammalia","Rodentia","Microtinae","Arvicola terrestris","water vole",990,"fiber/foliage",19,9480,498.947368421053,52.1052631578947,"Rodentia"
"24","N","Mammalia","Primates","Atelidae","Ateles belzebuth","spider monkey",8500,"fruit/nectar/pollen",17,4590,270,500,"Primates"
"25","N","Mammalia","Diprotodontia","Potoroidae","Bettongia penicillata","Woylie",1300,"fiber/foliage",6,14040,2340,216.666666666667,"Diprotodontia"
"26","N","Mammalia","Artiodactyla","Bovidae","Bison bison","bison",609000,"fiber/foliage",2,9456,4728,304500,"Artiodactyla"
"27","N","Mammalia","Artiodactyla","Bovidae","Bison bonasus","European bison",376000,"fiber/foliage",4,6948,1737,94000,"Artiodactyla"
"28","N","Mammalia","Eulipotyphla","Soricidae","Blarina brevicauda","short-tailed shrew",24,"protein",7,1176.7,168.1,3.42857142857143,"Eulipotyphla"
"29","Y","Aves","Passeriformes","Bombycillidae","Bombycilla cedrorum","Cedar Waxwing",336,"fruit/nectar/pollen",81,2603.03,32.1361728395062,4.14814814814815,"Flying Birds"
"30","Y","Aves","Passeriformes","Bombycillidae","Bombycilla cedrorum","cedar waxwing",155,"fruit/nectar/pollen",35,1768.5,50.5285714285714,4.42857142857143,"Flying Birds"
"31","N","Mammalia","Artiodactyla","Bovidae","Bos grunniens","yak",650000,"fiber/foliage",2,9384,4692,325000,"Artiodactyla"
"32","N","Mammalia","Artiodactyla","Bovidae","Bos javanicus","banteng",1459998,"fiber/foliage",18,91080,5060,81111,"Artiodactyla"
"33","N","Mammalia","Artiodactyla","Bovidae","Bos taurus","cow",17109178,"fiber/foliage",185,482831.571428,2609.9003860973,92482.0432432432,"Artiodactyla"
"34","N","Mammalia","Artiodactyla","Bovidae","Bos taurus","domestic cattle",1510000,"fiber/foliage",6,19620,3270,251666.666666667,"Artiodactyla"
"35","N","Mammalia","Artiodactyla","Bovidae","Bos taurus","Domestic cattle",755000,"fiber/foliage",6,23904,3984,125833.333333333,"Artiodactyla"
"36","N","Mammalia","Artiodactyla","Bovidae","Bos taurus","large heifer",1120000,"fiber/foliage",6,249,41.5,186666.666666667,"Artiodactyla"
"37","N","Mammalia","Artiodactyla","Bovidae","Bos taurus","small heifer",480000,"fiber/foliage",4,136,34,120000,"Artiodactyla"
"38","N","Mammalia","Artiodactyla","Bovidae","Bos taurus","Droughtmaster steer",6780000,"fiber/foliage",16,39456,2466,423750,"Artiodactyla"
"39","N","Mammalia","Artiodactyla","Bovinae","Bos taurus","Cattle",2100000,"fruit/nectar/pollen",15,46578,3105.2,140000,"Artiodactyla"
"40","N","Mammalia","Artiodactyla","Bovidae","Bos taurus","steer",3500000,"fiber/foliage",25,51768,2070.72,140000,"Artiodactyla"
"41","N","Mammalia","Cetartiodactyla","Bovidae","Bos taurus","cow",1103200,"fiber/foliage",14,41241.6,2945.82857142857,78800,"Cetartiodactyla"
"42","N","Mammalia","Artiodactyla","Bovidae","Boselaphus tragocamelus","nilgai",336000,"fiber/foliage",10,24600,2460,33600,"Artiodactyla"
"43","N","Mammalia","Pilosa","Bradypodidae","Bradypus tridactylus","pale-throated three-toed sloth",4800,"fiber/foliage",12,107352,8946,400,"Pilosa"
"44","N","Mammalia","Artiodactyla","Bovidae","Bubalus bubalis","swamp buffalo",5250028,"fiber/foliage",32,87096,2721.75,164063.375,"Artiodactyla"
"45","N","Mammalia","Artiodactyla","Bovidae","Bubalus bubalis","water buffalo",417100,"fiber/foliage",4,6943.2,1735.8,104275,"Artiodactyla"
"46","N","Mammalia","Artiodactyla","Bovidae","Bubalus depressicornis","lowland anoa",180000,"fiber/foliage",8,15360,1920,22500,"Artiodactyla"
"47","N","Mammalia","Artiodactyla","Bovinae","Bulbalus bubalis","Buffalo",1275000,"fruit/nectar/pollen",10,26352,2635.2,127500,"Artiodactyla"
"48","Y","Aves","Accipitriformes","Accipitridae","Buteo buteo","common buzzard",848,"meat",4,1975.2,493.8,212,"Flying Birds"
"49","N","Mammalia","Primates","Cebidae","Callithrix jacchus","common marmoset",696,"fruit/nectar/pollen",6,4896,816,116,"Primates"
"50","N","Mammalia","Primates","Callitrichidae","Callithrix jacchus","common marmoset",766,"protein",26,27651,1063.5,29.4615384615385,"Primates"
"51","N","Mammalia","Artiodactyla","Camelidae","Camelus bactrianus","Bactrian camel",4006000,"fiber/foliage",28,96672,3452.57142857143,143071.428571429,"Artiodactyla"
"52","N","Mammalia","Artiodactyla","Camelidae","Camelus dromedarius","dromedary camel",675000,"fiber/foliage",12,53304,4442,56250,"Artiodactyla"
"53","N","Mammalia","Carnivora","Canidae","Canis familiaris","domestic dog",11550,"meat",6,7470,1245,1925,"Carnivora"
"54","N","Mammalia","Carnivora","Canidae","Canis familiaris","dog",12200,"protein",6,6840,1140,2033.33333333333,"Carnivora"
"55","N","Mammalia","Artiodactyla","Bovidae","Capra hircus","domestic goat",255000,"fiber/foliage",51,150120,2943.52941176471,5000,"Artiodactyla"
"56","N","Mammalia","Artiodactyla","Bovidae","Capra hircus","Domestic Goat",9000,"fiber/foliage",12,29520,2460,750,"Artiodactyla"
"57","N","Mammalia","Artiodactyla","Bovidae","Capra hircus","goat",180200,"fiber/foliage",22,33735,1533.40909090909,8190.90909090909,"Artiodactyla"
"58","N","Mammalia","Artiodactyla","Bovidae","Capra nubiana","Nunian ibex",166400,"fiber/foliage",16,33336,2083.5,10400,"Artiodactyla"
"59","N","Mammalia","Artiodactyla","Cervidae","Capreolus capreolus","roe deer",138900,"fiber/foliage",16,99942,6246.375,8681.25,"Artiodactyla"
"60","N","Mammalia","Rodentia","Castoridae","Castor canadensis","North American beaver",28000,"fiber/foliage",16,25800,1612.5,1750,"Rodentia"
"61","N","Mammalia","Rodentia","Caviidae","Cavia porcellus","guinea pig",12150,"fiber/foliage",58,66648.6,1149.11379310345,209.48275862069,"Rodentia"
"62","N","Mammalia","Perissodactyla","Rhinocerotidae","Cerathotherium simum","White Rhino",NA,"fiber/foliage",14,21458,1532.71428571429,NA,"Perissodactyla"
"63","N","Mammalia","Primates","Cercopithecidae","Cercopithecus ascanius","Red-tailed monkey",8785,"fruit/nectar/pollen",3,4866,1622,2928.33333333333,"Primates"
"64","N","Mammalia","Primates","Cercopithecidae","Cercopithecus erythrotis","Red-eared guenon",3585,"fruit/nectar/pollen",1,1602,1602,3585,"Primates"
"65","N","Mammalia","Primates","Cercopithecidae","Cercopithecus lhoesti","L‚ÄôHoest‚Äôs monkey",3550,"fiber/foliage",2,3124,1562,1775,"Primates"
"66","N","Mammalia","Primates","Cercopithecidae","Cercopithecus mitis","Blue monkey",8600,"fruit/nectar/pollen",2,3000,1500,4300,"Primates"
"67","N","Mammalia","Primates","Cercopithecidae","Cercopithecus neglectus","De Brazza's monkey",6500,"fruit/nectar/pollen",2,4092,2046,3250,"Primates"
"68","N","Mammalia","Primates","Cercopithecidae","Cercopithecus pogonias","Crested mona monkey",3300,"fruit/nectar/pollen",2,3228,1614,1650,"Primates"
"69","N","Mammalia","Primates","Cercopithecidae","Cercopithecus talapoin","Talapoin monkey",1600,"fruit/nectar/pollen",2,2016,1008,800,"Primates"
"70","N","Mammalia","Artiodactyla","Cervidae","Cervus elaphus","red deer",223500,"fiber/foliage",36,31392,872,6208.33333333333,"Artiodactyla"
"71","N","Mammalia","Artiodactyla","Cervidae","Cervus elaphus canadensis","wapiti",845666.66,"fiber/foliage",72,34344,477,11745.3702777778,"Artiodactyla"
"72","N","Mammalia","Rodentia","Chinchillidae","Chinchilla laniger","long-tailed chinchilla",1026,"fiber/foliage",12,17100,1425,85.5,"Rodentia"
"73","N","Mammalia","Artiodactyla","Hippopotamidae","Choeropsis liberiensis","pygmy hippo",654000,"fiber/foliage",18,65160,3620,36333.3333333333,"Artiodactyla"
"74","N","Mammalia","Pilosa","Megalonychidae","Choloepus didactylus","Linnaeus's two-toed sloths",22533.33334,"fiber/foliage",8,57200,7150,2816.6666675,"Pilosa"
"75","N","Mammalia","Primates","Cercopithecidae","Colobus angolensis; Colobus polykomos; Trachypithecus johnii","colobine monkey",4350,"unknown",9,29880,3320,483.333333333333,"Primates"
"76","N","Mammalia","Primates","Cercopithecidae","Colobus guereza","black and white colubus monkey",6480,"fiber/foliage",6,16314,2719,1080,"Primates"
"77","N","Mammalia","Artiodactyla","Bovidae","Connochaetes taurinus","Blue Wildebeest",388000,"fiber/foliage",8,18000,2250,48500,"Artiodactyla"
"78","N","Mammalia","Rodentia","Cuniculidae","Cuniculus paca","lowland paca",46400,"fruit/nectar/pollen",30,81080,2702.66666666667,1546.66666666667,"Rodentia"
"79","N","Mammalia","Dermoptera","Cynocephalidae","Cynocephalus volans","Philippine flying lemur",1750,"fiber/foliage",5,5440.5,1088.1,350,"Dermoptera"
"80","N","Mammalia","Perissodactyla","Rhinocerotidae","Diceros bicornis","Black Rhino",2200000,"fiber/foliage",8,17520,2190,275000,"Perissodactyla"
"81","N","Mammalia","Perissodactyla","Rhinocerotidae","Diceros bicornis","black rhinoceros",2386000,"fiber/foliage",12,24840,2070,198833.333333333,"Perissodactyla"
"82","N","Mammalia","Artiodactyla","Tayassuidae","Dicotyles tajacu","collared peccary",6450,"unknown",21,38640,1840,307.142857142857,"Artiodactyla"
"83","N","Reptilia","Squamata","Iguanidae","Dipsosaurus dorsalis","desert iguana",65,"fiber/foliage",5,23100,4620,13,"Reptilia"
"84","N","Mammalia","Rodentia","Caviidae","Dolichotis patagonum","Patagonian mara",45480,"fiber/foliage",26,26418,1016.07692307692,1749.23076923077,"Rodentia"
"85","N","Aves","Struthioniformes","Dromaiidae","Dromaius novaehollandiae","emu",99000,"fiber/foliage",6,471,78.5,16500,"Non-Flying Birds"
"86","N","Aves","Casuariiformes","Casuariidae","Dromaius novaehollandiae","Emu",NA,"fiber/foliage",24,6522,271.75,NA,"Non-Flying Birds"
"87","Y","Aves","Columbiformes","Columbidae","Ducula spilorrhoa","Torres imperial pigeon",445,"fruit/nectar/pollen",4,378,94.5,111.25,"Flying Birds"
"88","N","Mammalia","Sirenia","Dugonginae","Dugong dugon","dugong",315000,"fiber/foliage",2,18720,9360,157500,"Sirenia"
"89","Y","Aves","Passeriformes","Tyrannidae","Elaenia parvirostris","Short Billed Elaenia",32,"fiber/foliage",2,86,43,16,"Flying Birds"
"90","N","Mammalia","Artiodactyla","Cervidae","Elaphurus davidianus","P√®re David's deer",450000,"fiber/foliage",15,48900,3260,30000,"Artiodactyla"
"91","N","Mammalia","Proboscidea","Elephantidae","Elephas maximus","asian elephant",3800000,"fiber/foliage",1,1212,1212,3800000,"Proboscidea"
"92","N","Mammalia","Proboscidea","Elephantidae","Elephas maximus","Asian Elephant",10500000,"fruit/nectar/pollen",13,36732,2825.53846153846,807692.307692308,"Proboscidea"
"93","N","Mammalia","Proboscidea","Elephantidae","Elephas maximus","Asian elephant",3155000,"fiber/foliage",4,9480,2370,788750,"Proboscidea"
"94","N","Reptilia","Testudines","Chelidae","Emydura macquarii","Australian short-necked turtle",4000,"meat",8,57720,7215,500,"Reptilia"
"95","N","Reptilia","Testudines","Chelidae","Emydura macquarii","Australian short-necked turtle",4000,"fiber/foliage",8,127920,15990,500,"Reptilia"
"96","Y","Mammalia","Chiroptera","Vespertilionidae","Eptesicus serotinus","Serotine bat",23.1,"protein",5,870,174,4.62,"Chiroptera"
"97","N","Mammalia","Perissodactyla","Equidae","Equus africanus","African wild donkey",470400,"fiber/foliage",10,21870,2187,47040,"Perissodactyla"
"98","N","Mammalia","Perissodactyla","Equidae","Equus asinus","donkey",2799500,"fiber/foliage",66,173934,2635.36363636364,42416.6666666667,"Perissodactyla"
"99","N","Mammalia","Perissodactyla","Equidae","Equus asinus","African wild donkey",250000,"fiber/foliage",5,19800,3960,50000,"Perissodactyla"
"100","N","Mammalia","Perissodactyla","Equidae","Equus caballus","horse",15334500,"fiber/foliage",154,304575.42856,1977.76252311688,99574.6753246753,"Perissodactyla"
"101","N","Mammalia","Perissodactyla","Equidae","Equus caballus","domestic pony",454000,"fiber/foliage",6,138,23,75666.6666666667,"Perissodactyla"
"102","N","Mammalia","Perissodactyla","Equidae","Equus caballus","domestic horse",1800000,"fiber/foliage",12,324,27,150000,"Perissodactyla"
"103","N","Mammalia","Perissodactyla","Equidae","Equus ferus","horse",434000,"fiber/foliage",12,246,20.5,36166.6666666667,"Perissodactyla"
"104","N","Mammalia","Perissodactyla","Equidae","Equus grevyi","grevy's zebra",8e+05,"fiber/foliage",8,212,26.5,1e+05,"Perissodactyla"
"105","N","Mammalia","Rodentia","Erethizontidae","Erethizon dorsatum","North American porcupine",22000,"fiber/foliage",6,17253,2875.5,3666.66666666667,"Rodentia"
"106","N","Aves","Sphenisciformes","Spheniscidae","Eudyptes chrysocome","Rock hopper penguin",8250,"meat",15,14550,970,550,"Non-Flying Birds"
"107","N","Mammalia","Primates","Lemuridae","Eulemur fulvus","common brown lemur",2258.6,"fiber/foliage",6,3306.6,551.1,376.433333333333,"Primates"
"108","Y","Aves","Falconiformes","Falconidae","Falco naumanni","kestrel",180,"meat",5,2157,431.4,36,"Flying Birds"
"109","Y","Aves","Falconiformes","Falconidae","Falco peregrinus","peregrine",762.5,"meat",3,1265.4,421.8,254.166666666667,"Flying Birds"
"110","Y","Aves","Falconiformes","Falconidae","Falco subbuteo","hobby",304,"meat",2,762,381,152,"Flying Birds"
"111","Y","Aves","Charadriiformes","Alcidae","Fratercula arctica","Atlantic puffin",1260,"meat",33,11213.4,339.8,38.1818181818182,"Flying Birds"
"112","Y","Aves","Charadriiformes","Alcidae","Fratercula arctica","atlantic puffin",840,"meat",2,804,402,420,"Flying Birds"
"113","Y","Aves","Gruiformes","Rallidae","Fulica atra","Common Coot",1640,"fiber/foliage",10,9588,958.8,164,"Flying Birds"
"114","Y","Aves","Procellariiformes","Procellariidae","Fulmarus glacialis","northern fulmar",2744,"meat",13,5991,460.846153846154,211.076923076923,"Flying Birds"
"115","N","Mammalia","Primates","Galagidae","Galago moholi","Mohol bush baby",400,"protein",16,34272,2142,25,"Primates"
"116","Y","Aves","Musophagiformes","Musophagidae","Gallirex johnstoni","Ruwenzori Turaco",1425,"fruit/nectar/pollen",30,2088,69.6,47.5,"Flying Birds"
"117","Y","Aves","Galliformes","Phasianidae","Gallus gallus","chicken",7500,"fiber/foliage",30,12240,408,250,"Flying Birds"
"118","Y","Aves","Galliformes","Phasianidae","Gallus gallus domesticus","domestic chicken",5160.4,"fiber/foliage",48,18948.6,394.7625,107.508333333333,"Flying Birds"
"119","Y","Aves","Galliformes","Phasianidae","Gallus gallus domesticus","broiler chicken",203,"fiber/foliage",120,40560,338,1.69166666666667,"Flying Birds"
"120","Y","Aves","Galliformes","Phasianidae","Gallus gallus domesticus","white leghorn chicken",115,"fiber/foliage",120,43188,359.9,0.958333333333333,"Flying Birds"
"121","N","Mammalia","Artiodactyla","Bovidae","Gazella gazella","Idmi gazelle",32800,"fiber/foliage",10,17520,1752,3280,"Artiodactyla"
"122","N","Mammalia","Artiodactyla","Bovidae","Gazella spekei","Speke's gazelle",26000,"fiber/foliage",10,11910,1191,2600,"Artiodactyla"
"123","N","Mammalia","Artiodactyla","Bovidae","Gazella subgutturosa marica","Rheem gazelle",35200,"fiber/foliage",14,28140,2010,2514.28571428571,"Artiodactyla"
"124","N","Mammalia","Artiodactyla","Giraffidae","Giraffa camelopardalis","giraffe",7695400,"fiber/foliage",39,88689.6,2274.09230769231,197317.948717949,"Artiodactyla"
"125","N","Mammalia","Primates","Hominidae","Gorilla gorilla","gorilla",112300,"fruit/nectar/pollen",4,17848.8,4462.2,28075,"Primates"
"126","N","Mammalia","Primates","Hominidae","Gorilla gorilla","Western lowland gorilla",105000,"fruit/nectar/pollen",5,15180,3036,21000,"Primates"
"127","Y","Aves","Suliformes","Phalacrocoracidae","Gulosus aristotelis","shag",NA,"meat",12,3811.2,317.6,NA,"Flying Birds"
"128","N","Mammalia","Primates","Lemuridae","Hapalemur griseus","Eastern lesser bamboo lemur",1050,"fiber/foliage",6,16808.4,2801.4,175,"Primates"
"129","Y","Aves","Columbiformes","Columbidae","Hemiphaga novaeseelandiae","New Zealand pigeons",630,"fruit/nectar/pollen",2,190.8,95.4,315,"Flying Birds"
"130","N","Mammalia","Artiodactyla","Hippopotamidae","Hexaprotodon liberiensis","pygmy hippopotamus",238000,"fiber/foliage",4,16080,4020,59500,"Artiodactyla"
"131","N","Mammalia","Artiodactyla","Hippopotamidae","Hippopotamus amphibius","common hippopotamus",2175000,"fiber/foliage",4,17040,4260,543750,"Artiodactyla"
"132","N","Mammalia","Artiodactyla","Bovidae","Hippotragus niger","Sable antelope",458000,"fiber/foliage",6,16380,2730,76333.3333333333,"Artiodactyla"
"133","N","Mammalia","Rodentia","Caviidae","Hydrochoerus hydrochaeris","capybara",148360,"fiber/foliage",37,75798,2048.59459459459,4009.72972972973,"Rodentia"
"134","N","Mammalia","Carnivora","Phocidae","Hydrurga leptonyx","leopard seals",786000,"meat",5,21318,4263.6,157200,"Carnivora"
"135","N","Mammalia","Primates","Hylobatidae","Hylobates lar","white-handed gibbon",11920,"fiber/foliage",8,10824,1353,1490,"Primates"
"136","Y","Aves","Passeriformes","Pycnonotidae","Hypsipetes amaurotis","Brown-eared bulbul",75,"fiber/foliage",7,81.2,11.6,10.7142857142857,"Flying Birds"
"137","Y","Aves","","Pycnonotidae","Hypsipetes amaurotis","Brown-eared bulbul",1125,"fiber/foliage",105,2186.8,20.8266666666667,10.7142857142857,"Flying Birds"
"138","N","Mammalia","Rodentia","Hystricidae","Hystrix indica","Indian crested porcupine",64400,"fiber/foliage",12,19962,1663.5,5366.66666666667,"Rodentia"
"139","N ","Mammalia","Cetacea","Iniidae","Inia geoffrensis","Amazon river dolphin",275000,"meat",3,750,250,91666.6666666667,"Cetacea"
"140","N","Mammalia","Peramelemorphia","Peramelidae","Isoodon macrourus","northern brown bandicoot",1993,"protein",6,9870,1645,332.166666666667,"Peramelemorphia"
"141","N","Mammalia","Peramelemorphia","Peramelidae","Isoodon macrourus","northern brown bandicoot",977.5,"fiber/foliage",5,5610,1122,195.5,"Peramelemorphia"
"142","N","Mammalia","Artiodactyla","Bovidae","Kobus ellipsiprymnus","waterbuck",807000,"fiber/foliage",14,29745,2124.64285714286,57642.8571428571,"Artiodactyla"
"143","N","Mammalia","Rodentia","Chinchillidae","Lagostomus maximus","plains viscacha",7600,"fiber/foliage",32,51840,1620,237.5,"Rodentia"
"144","N","Mammalia","Rodentia","Cricetidae","Lagurus lagurus","steppe lemming",39.6,"fiber/foliage",12,2988,249,3.3,"Rodentia"
"145","N","Mammalia","Artiodactyla","Camelidae","Lama glama","llama",592000,"fiber/foliage",24,66240,2760,24666.6666666667,"Artiodactyla"
"146","N","Mammalia","Artiodactyla","Camelidae","Lama guanicoe","guanaco",405000,"fiber/foliage",6,17772,2962,67500,"Artiodactyla"
"147","N","Mammalia","Artiodactyla","Camelidae","Lama pacos","alpaca",189000,"fiber/foliage",15,42900,2860,12600,"Artiodactyla"
"148","Y","Aves","Passeriformes","Laniidae","Lanius excubitor","Great grey shrike",65,"fruit/nectar/pollen",1,50,50,65,"Flying Birds"
"149","Y","Aves","Charadriiformes","Laridae","Larus smithsonianus","herring gull",4535,"meat",22,7105.2,322.963636363636,206.136363636364,"Flying Birds"
"150","N","Mammalia","Rodentia","Cricetidae","Lasiopodomys brandtii","Brandt's vole",4.9,"fruit/nectar/pollen",11,4191,381,0.445454545454545,"Rodentia"
"151","N","Mammalia","Diprotodontia","Vombatidae","Lasiorhinus latifrons","southern hairy-nosed wombat",104800,"fiber/foliage",16,48000,3000,6550,"Diprotodontia"
"152","N","Mammalia","Artiodactyla","Bovidae","Litocranius walleri","gerenuk",74000,"fiber/foliage",2,4686,2343,37000,"Artiodactyla"
"153","N","Mammalia","Carnivora","Mustelidae","Lontra canadensis","northern river otter",9500,"meat",9,4617,513,1055.55555555556,"Carnivora"
"154","N","Mammalia","Primates","Cercopithecidae","Lophocebus albigena","Gray-cheecked mangabey",5300,"fruit/nectar/pollen",2,4560,2280,2650,"Primates"
"155","N","Mammalia","Proboscidea","Elephantidae","Loxodonta africana","african elephant",8100000,"fiber/foliage",12,360,30,675000,"Proboscidea"
"156","N","Mammalia","Proboscidea","Elephantidae","Loxodonta africana","African savanna elephant",8400000,"fruit/nectar/pollen",8,16368,2046,1050000,"Proboscidea"
"157","N","Mammalia","Carnivora","Canidae","Lycalopex culpaeus","culpeo fox",8700,"fruit/nectar/pollen",5,3600,720,1740,"Carnivora"
"158","N","Mammalia","Carnivora","Canidae","Lycalopex culpaeus","culpeo fox",8700,"fruit/nectar/pollen; meat",5,5640,1128,1740,"Carnivora"
"159","N","Mammalia","Carnivora","Canidae","Lycalopex culpaeus","culpeo fox",8700,"meat",5,8460,1692,1740,"Carnivora"
"160","N","Mammalia","Primates","Cercopithecidae","Macaca cyclopis","Taiwanese macaque",16620,"fiber/foliage",12,25344,2112,1385,"Primates"
"161","N","Mammalia","Primates","Cercopthecidae","Macaca fascicularis","long-tailed macaque",4100,"fiber/foliage",5,6.25,1.25,820,"Primates"
"162","N","Mammalia","Primates","Cercopithecidae","Macaca fascicularis","long-tailed macaque",9380,"fiber/foliage",8,17928,2241,1172.5,"Primates"
"163","N","Mammalia","Primates","Cercopithecidae","Macaca fuscata","Japanese macaque",8600,"fruit/nectar/pollen",5,10800,2160,1720,"Primates"
"164","N","Mammalia","Primates","Cercopithecidae","Macaca fuscata","Japanese macaque",72800,"fiber/foliage",20,46875,2343.75,3640,"Primates"
"165","N","Mammalia","Primates","Cercopithecidae","Macaca fuscata","Japanese Macaque",18400,"fruit/nectar/pollen",9,23334,2592.66666666667,2044.44444444444,"Primates"
"166","N","Mammalia","Primates","Cercopthecidae","Macaca nemestrina","pig-tailed macaque",7000,"fiber/foliage",5,13,2.6,1400,"Primates"
"167","Y","Aves","Procellariiformes","Procellariidae","Macronectes giganteus","Southern Giant Petrel",NA,"meat",12,10872,906,NA,"Flying Birds"
"168","N","Mammalia","Diprotodontia","Macropodidae","Macropus eugenii","Tammar",16000,"fiber/foliage",12,9720,810,1333.33333333333,"Diprotodontia"
"169","N","Mammalia","Diprotodontia","Macropodidae","Macropus giganteus","grey kangaroo",45400,"fiber/foliage",7,17244,2463.42857142857,6485.71428571429,"Diprotodontia"
"170","N","Mammalia","Diprotodontia","Macropodidae","Macropus rufus","red kangaroo",54577.777778,"fiber/foliage",10,22638,2263.8,5457.7777778,"Diprotodontia"
"171","N","Mammalia","Artiodactyla","Bovidae","Madoqua saltiana phillipsi","Phillip's dik dik",13880,"fiber/foliage",62,114822,1851.96774193548,223.870967741935,"Artiodactyla"
"172","Y","Aves","Anseriformes","Anatidae","Marmaronetta angustirostris","Marbled Teal",616,"fiber/foliage",10,9588,958.8,61.6,"Flying Birds"
"173","N","Mammalia","Rodentia","Sciuridae","Marmota caligata","hoary marmot",4616,"protein",12,19332,1611,384.666666666667,"Rodentia"
"174","N","Mammalia","Carnivora","Mustelidae","Martes melampus","Japanese Marten",NA,"mixed",12,4977.6,414.8,NA,"Carnivora"
"175","Y","Aves","Galliformes","Phasianidae","Meleagris gallopavo","Turkey",NA,"fiber/foliage",18,15552,864,NA,"Flying Birds"
"176","N","Mammalia","Rodentia","Muridae","Meriones unguiculatus","Mongolian gerbils",51.3,"fiber/foliage",11,7227,657,4.66363636363636,"Rodentia"
"177","N","Mammalia","Rodentia","Cricetidae","Mesocricetus auratus","hamster",105,"fiber/foliage",6,3276,546,17.5,"Rodentia"
"178","N","Mammalia","Rodentia","Cricetidae","Microtus agrestis","short-tailed field vole",57.2,"fiber/foliage",12,3744,312,4.76666666666667,"Rodentia"
"179","N","Mammalia","Rodentia","Cricetidae","Microtus townsendii","Townsend vole",109.8,"protein",12,10044,837,9.15,"Rodentia"
"180","Y","Aves","Accipitriformes","Accipitridae","Milvus milvus","red kite",1033.5,"meat",2,898.8,449.4,516.75,"Flying Birds"
"181","N","Mammalia","Carnivora","Phocidae","Mirounga leonina","southern elephant seals",4100000,"meat",6,4242,707,683333.333333333,"Carnivora"
"182","N","Aves","Galliformes","Cracidae","Mitu salvini","Salvin's curassows",NA,"fruit/nectar/pollen",6,844,140.666666666667,NA,"Non-Flying Birds"
"183","N","Mammalia","Carnivora","Phocidae","Monachus schauinslandi","Hawaiian monk seal",186000,"meat",3,3060,1020,62000,"Carnivora"
"184","Y","Aves","Suliformes","Sulidae","Morus capensis","Cape gannet",7800,"meat",15,9450,630,520,"Flying Birds"
"185","N","Mammalia","Rodentia","Muridae","Mus musculus","laboratory mouse",29,"fiber/foliage",6,1440,240,4.83333333333333,"Rodentia"
"186","N","Mammalia","Rodentia","Echimyidae","Myocastor coypus","nutria",8800,"fiber/foliage",10,26754,2675.4,880,"Rodentia"
"187","N","Mammalia","Rodentia","Myocastoridae","Myocastor coypus","nutria",3720,"fiber/foliage",8,13056,1632,465,"Rodentia"
"188","Y","Mammalia","Chiroptera","Vespertilionidae","Myotis bechsteinii","Bechstein's bat",8,"protein",5,1545,309,1.6,"Chiroptera"
"189","Y","Mammalia","Chiroptera","Vespertilionidae","Myotis daubentonii","Daubenton's bat",7.6,"protein",17,3094,182,0.447058823529412,"Chiroptera"
"190","Y","Mammalia","Chiroptera","Vespertilionidae","Myotis myotis","Greater mouse-eared bat",25.8,"protein",8,984,123,3.225,"Chiroptera"
"191","Y","Mammalia","Chiroptera","Vespertilionidae","Myotis nattereri","Natterer's bat",6.8,"protein",3,564,188,2.26666666666667,"Chiroptera"
"192","N","Mammalia","Pilosa","Myrmecophagidae","Myrmecophaga tridactyla","giant ant eater",110000,"protein",10,23376,2337.6,11000,"Pilosa"
"193","N","Mammalia","Artiodactyla","Bovidae","Nanger dama","Dama gazelle",122200,"fiber/foliage",8,12576,1572,15275,"Artiodactyla"
"194","N","Mammalia","Artiodactyla","Bovidae","Nanger soemmerringii","Soemmerring's gazelle",71200,"fiber/foliage",22,37092,1686,3236.36363636364,"Artiodactyla"
"195","N","Mammalia","Primates","Cercopithecidae","Nasalis larvatus","proboscis monkey",40000,"fiber/foliage",16,39030,2439.375,2500,"Primates"
"196","N","Mammalia","Primates","Cercopithecidae","Nasalis larvatus","proboscis monkey",10000,"protein",6,17640,2940,1666.66666666667,"Primates"
"197","Y","Aves","Passeriformes","Nectariniidae","Nectarinia amesthystina","black sunbird",22.5,"fruit/nectar/pollen",21,385,18.3333333333333,1.07142857142857,"Flying Birds"
"198","Y","Aves","Passeriformes","Nectariniidae","Nectarinia famosa","malachite sunbird",39,"fruit/nectar/pollen",15,336,22.4,2.6,"Flying Birds"
"199","N","Mammalia","Rodentia","Cricetidae","Neotoma lepida","desert woodrat",125,"fiber/foliage",5,3900,780,25,"Rodentia"
"200","Y","Aves","Anseriformes","Anatidae","Netta rufina","Red-crested Pochard",2300,"fiber/foliage",6,5752.8,958.8,383.333333333333,"Flying Birds"
"201","N","Mammalia","Diprotodontia","Macropodidae","Notamacropus eugenii","tammar wallaby",15600,"fiber/foliage",21,22512,1072,742.857142857143,"Diprotodontia"
"202","Y","Mammalia","Chiroptera","Vespertilionidae","Nyctalus leisleri","Lesser Noctule",12.5,"protein",3,777,259,4.16666666666667,"Chiroptera"
"203","Y","Mammalia","Chiroptera","Vespertilionidae","Nyctalus noctula","Noctule",27.5,"protein",9,2655,295,3.05555555555556,"Chiroptera"
"204","N","Mammalia","Carnivora","Canidae","Nyctereutes procynoides","raccoon dog",4130,"fruit/nectar/pollen",6,2700,450,688.333333333333,"Carnivora"
"205","N","Mammalia","Carnivora","Canidae","Nyctereutes procynoides","raccoon dog",4131,"meat",6,4650,775,688.5,"Carnivora"
"206","Y","Mammalia","Chiroptera","Vespertillionidae","Nyctophilus gouldi","Gould‚Äôs long-eared bat",9.25,"meat",5,1614,322.8,1.85,"Chiroptera"
"207","N","Mammalia","Artiodactyla","Bovidae","Obis aries","Domestic Sheep",110000,"fiber/foliage",3,6120,2040,36666.6666666667,"Artiodactyla"
"208","N","Mammalia","Rodentia","Octodontidae","Octodon degus","degu",925,"fiber/foliage",32,33504,1047,28.90625,"Rodentia"
"209","N","Mammalia","Artiodactyla","Cervidae","Odocoileus virginianus","white-tailed deer",156750,"fiber/foliage",6,7326,1221,26125,"Artiodactyla"
"210","Y","Aves","Passeriformes","Sturnidae","Onychognathus morio","red-winged starling",135,"fiber/foliage",4,140,35,33.75,"Flying Birds"
"211","Y","Aves","Passeriformes","Sturnidae","Onychognathus tristramii","Tristam's Grackle",119,"fruit/nectar/pollen",9,1215.9,135.1,13.2222222222222,"Flying Birds"
"212","Y","Aves","Opisthocomiformes","Opisthocomidae","Opisthocomus hoazin","Hoatzin",3600,"unknown",20,36810,1840.5,180,"Flying Birds"
"213","N","Mammalia","Lagomorpha","Leporidae","Oryctolagus cuniculus","domestic rabbit",16404,"fiber/foliage",62,137898,2224.16129032258,264.58064516129,"Lagomorpha"
"214","N","Mammalia","Lagomorpha","Leporidae","Oryctolagus cuniculus","rabbit",NA,"fiber/foliage",66,116037.9,1758.15,NA,"Lagomorpha"
"215","N","Mammalia","Artiodactyla","Bovidae","Oryx gazella","Oryx Antelope",420000,"fiber/foliage",6,16020,2670,70000,"Artiodactyla"
"216","N","Mammalia","Artiodactyla","Bovidae","Oryx leucoryx","Arabian oryx",140000,"fiber/foliage",2,4488,2244,70000,"Artiodactyla"
"217","N","Mammalia","Diprotodontia","Macropodidae","Osphranter rufus","red kangaroo",21750,"unknown",18,26280,1460,1208.33333333333,"Diprotodontia"
"218","N","Mammalia","Diprotodontia","Macropodidae","Osphranter rufus","red kangaroo",767120,"fiber/foliage",72,109602,1522.25,10654.4444444444,"Diprotodontia"
"219","N","Mammalia","Artiodactyla","Bovidae","Ovibos moschatus","muskoxen",2280000,"fiber/foliage",32,118800,3712.5,71250,"Artiodactyla"
"220","N","Mammalia","Artiodactyla","Bovidae","Ovibos moschatus","musk ox",717000,"fiber/foliage",20,55896,2794.8,35850,"Artiodactyla"
"221","N","Mammalia","Artiodactyla","Bovidae","Ovis aries","domestic sheep",277200,"fiber/foliage",19,50580,2662.10526315789,14589.4736842105,"Artiodactyla"
"222","N","Mammalia","Artiodactyla","Bovidae","Ovis aries","Domestic Sheep",110000,"fiber/foliage",3,9720,3240,36666.6666666667,"Artiodactyla"
"223","N","Mammalia","Artiodactyla","Bovidae","Ovis aries","sheep",1293870,"fiber/foliage",92,184232,2002.52173913043,14063.8043478261,"Artiodactyla"
"224","N","Mammalia","Artiodactyla","Bovidae","Ovis aries","kazakh sheep",42000,"fiber/foliage",6,13044.917646,2174.152941,7000,"Artiodactyla"
"225","N","Mammalia","Cetartiodactyla","Bovidae","Ovis aries","domestic sheep",758088.88888,"fiber/foliage",101,194576.4,1926.49900990099,7505.8305829703,"Cetartiodactyla"
"226","N","Mammalia","Primates","Hominidae","Pan troglodytes","Chimpanzee",58400,"fruit/nectar/pollen",2,3780,1890,29200,"Primates"
"227","N","Mammalia","Carnivora","Viverridae","Paradoxurus hermaphroditus","palm civet",3500,"fiber/foliage",3,468,156,1166.66666666667,"Carnivora"
"228","N","Mammalia","Artiodactyla","Tayassuidae","Pecari tacaju","collared peccary",39000,"fiber/foliage",12,30456,2538,3250,"Artiodactyla"
"229","N","Mammalia","Peramelemorphia","Peramelidae","Perameles nasuta","long-nosed bandicoot",1590,"meat",12,12744,1062,132.5,"Peramelemorphia"
"230","N","Mammalia","Peramelemorphia","Peramelidae","Perameles nasuta","long-nosed bandicoot",1420,"fiber/foliage",8,14484,1810.5,177.5,"Peramelemorphia"
"231","Y","Aves","Accipitriformes","Accipitridae","Pernis apivorus","honey buzzard",470,"meat",1,408.6,408.6,470,"Flying Birds"
"232","N","Mammalia","Artiodactyla","Suidae","Phacochoerus africanus","warthog",2e+05,"fiber/foliage",2,78,39,1e+05,"Artiodactyla"
"233","N","Mammalia","Diprotodontia","Phalangeridae","Phalanger gymnotis","ground cuscus",5060,"fiber/foliage",12,69408,5784,421.666666666667,"Diprotodontia"
"234","N","Mammalia","Diprotodontia","Phascolarctidae","Phascolarctos cinereus","koala",11920,"fiber/foliage",32,152960,4780,372.5,"Diprotodontia"
"235","N","Mammalia","Artiodactyla","Bovidae","Philantomba maxwellii","Maxwell's duiker",9000,"fruit/nectar/pollen",6,15192,2532,1500,"Artiodactyla"
"236","N","Mammalia","Carnivora","Phocidae","Phoca groenlandica","harp seal",260000,"meat",4,2940,735,65000,"Carnivora"
"237","N","Mammalia","Carnivora","Pinnipedia","Phoca vitulina","harbour seal",177600,"meat",24,32640,1360,7400,"Carnivora"
"238","Y","Aves","Procellariiformes","Diomedeidae","Phoebetria fusca","Sooty Albatrosses",7500,"meat",15,13800,920,500,"Flying Birds"
"239","N","Mammalia","Rodentia","Cricetidae","Phyllotis darwini","Darwin's leaf-eared mouse",162,"fiber/foliage",12,6444,537,13.5,"Rodentia"
"240","N","Mammalia","Rodentia","Cricetidae","Phyllotis xanthopygus","leaf-eared mouse",111,"fiber/foliage",12,4356,363,9.25,"Rodentia"
"241","Y","Aves","Passeriformes","Contingidae","Phytotoma rara","Rufuos tailed plant-cutter",40.9,"fruit/nectar/pollen",12,727.2,60.6,3.40833333333333,"Flying Birds"
"242","Y","Aves","Passeriformes","Contingidae","Phytotoma rara","Rufuos tailed plant-cutter",40.9,"fiber/foliage",12,411.6,34.3,3.40833333333333,"Flying Birds"
"243","Y","Mammalia","Chiroptera","Vespertilionidae","Pipistrellus pipistrellus","Common pipistrelle",5.1,"protein",7,1778,254,0.728571428571429,"Chiroptera"
"244","N","Mammalia","Primates","Pitheciidae","Pithecia pithecia","white-faced saki",1712.5,"fiber/foliage",4,6150,1537.5,428.125,"Primates"
"245","Y","Mammalia","Chiroptera","Vespertilionidae","Plecotus auritus","Brown long-eared bat",6.9,"protein",6,792,132,1.15,"Chiroptera"
"246","Y","Aves","Anseriformes","Anatidae","Plectopterus gambensis","Spur-winged goose",NA,"fiber/foliage",4,1528,382,NA,"Flying Birds"
"247","Y","Aves","Anseriformes","Anatidae","Plectopterus gambensis","Spur-winged goose",NA,"protein",4,560,140,NA,"Flying Birds"
"248","N","Mammalia","Primates","Hominidae","Pongo pygmaeus","Bornean orangutan",141400,"fruit/nectar/pollen",6,25002,4167,23566.6666666667,"Primates"
"249","N","Mammalia","Primates","Hominidae","Pongo pygmaeus","Bornean orangutan",135140,"fiber/foliage",8,1084.8,135.6,16892.5,"Primates"
"250","N","Mammalia","Diprotodontia","Potoroidae","Potorous tridactylus","Long-nosed Potoroo",2500,"fiber/foliage",14,23640,1688.57142857143,178.571428571429,"Diprotodontia"
"251","N","Mammalia","Carnivora","Procyonidae","Potos flavus","kinkajou",4250,"protein",2,300,150,2125,"Carnivora"
"252","Y","Aves","Passeriformes","Promeropidae","Promerops gurneyi","gurney's sugarbird",34.75,"fruit/nectar/pollen",2,12.2,6.1,17.375,"Flying Birds"
"253","N","Mammalia","Primates","Indriidae","Propithecus tattersalli","Golden crowned sifaka",6186,"fiber/foliage",6,12312,2052,1031,"Primates"
"254","N","Mammalia","Primates","Indriidae","Propithecus verreauxi coquereli","Coquerel's sifaka",10772,"fiber/foliage",18,35038.8,1946.6,598.444444444444,"Primates"
"255","N","Mammalia","Diprotodontia","Pseudocheiridae","Pseudocheirus peregrinus","common ringtail possum",2722,"fiber/foliage",10,99480,9948,272.2,"Diprotodontia"
"256","N","Mammalia","Diprotodontia","Pseudocheiridae","Pseudocheirus peregrinus","ringtail possum",2493,"fiber/foliage",12,2281.2,190.1,207.75,"Diprotodontia"
"257","Y","Aves","Piciformes","Megalaimidae","Psilopogon asiaticus","blue-throated barbet",665,"fruit/nectar/pollen",35,940,26.8571428571429,19,"Flying Birds"
"258","Y","Mammalia","Chiroptera","Pteropodidae","Pteropus rufus","Madagascan Flying Fox",625,"fruit/nectar/pollen",4,120,30,156.25,"Chiroptera"
"259","Y","Aves","Passeriformes","Ptiliogonatidae","Ptiliogonys cinereus","grey silky flycatchers",100.5,"fruit/nectar/pollen",12,227.2,18.9333333333333,8.375,"Flying Birds"
"260","Y","Aves","Passeriformes","Ptiliogonatidae","Ptiliogonys cinereus","silky flycatcher",103.5,"fruit/nectar/pollen",21,470.4,22.4,4.92857142857143,"Flying Birds"
"261","N","Mammalia","Artiodactyla","Cervidae","Pudu puda","Southern pudu",9000,"fruit/nectar/pollen",6,10764,1794,1500,"Artiodactyla"
"262","Y","Aves","Passeriformes","Pyconitidae","Pycnonotus goiavier","Yellow-vented Bulbul",40.5,"fruit/nectar/pollen",7,242.9,34.7,5.78571428571429,"Flying Birds"
"263","Y","Aves","Passeriformes","Pyconitidae","Pyconotus aurigaster","sooty-headed bulbul",315,"fruit/nectar/pollen",42,972,23.1428571428571,7.5,"Flying Birds"
"264","Y","Aves","Passeriformes","Pyconitidae","Pyconotus joscosus","Red-whiskered bulbul",227.5,"fruit/nectar/pollen",56,1336,23.8571428571429,4.0625,"Flying Birds"
"265","N","Mammalia","Primates","Cercopithecidae","Pygathrix nemaeus","red-shanked douc",32400,"fiber/foliage",8,24180,3022.5,4050,"Primates"
"266","N","Mammalia","Primates","Cercopithecidae","Pygathrix nemaeus","red-shanked douc langur",3595,"fiber/foliage",3,6108,2036,1198.33333333333,"Primates"
"267","N","Aves","Sphenisciformes","Spheniscidae","Pygoscelis papua","gentoo penguin",19500,"meat",15,12930,862,1300,"Non-Flying Birds"
"268","N","Aves","Sphenisciformes","Spheniscidae","Pygoscelis papua","Gentoo Penguin",NA,"meat",12,5940,495,NA,"Non-Flying Birds"
"269","Y","Aves","Piciformes","Ramphastidae","Ramphastos pluricinctus","Many-banded arcari",258.5,"fruit/nectar/pollen",1,30,30,258.5,"Flying Birds"
"270","N","Amphibia","Anura","Ranidae","Rana catesbeiana","bullfrog",2.12,"fiber/foliage",34,18360,540,0.0623529411764706,"Amphibia"
"271","N","Mammalia","Artiodactyla","Cervidae","Rangifer tarandus","reindeer",1492000,"fiber/foliage",32,89280,2790,46625,"Artiodactyla"
"272","N","Mammalia","Rodentia","Muridae","Rattus norvegicus","common rat",590,"fiber/foliage",12,9072,756,49.1666666666667,"Rodentia"
"273","N","Aves","Struthioniformes","Rheidae","Rhea americana","greater rhea",72000,"fiber/foliage",15,11310,754,4800,"Non-Flying Birds"
"274","N","Aves","Palaeognathae","Rheidae","Rhea americana","Greater Rhea",NA,"fiber/foliage",5,3900,780,NA,"Non-Flying Birds"
"275","N","Mammalia","Perissodactyla","Rhinocerotidae","Rhinoceros unicornis","Indian rinoceros",1950000,"fruit/nectar/pollen",1,4560,4560,1950000,"Perissodactyla"
"276","N","Mammalia","Primates","Cercopithecidae","Rhinopithecus bieti","Snub-Nosed Monkey",11750,"fruit/nectar/pollen",3,6750,2250,3916.66666666667,"Primates"
"277","N","Mammalia","Primates","Cercopithecidae","Rhinopithecus bieti","Snub-Nosed Monkey",11750,"fiber/foliage",3,11880,3960,3916.66666666667,"Primates"
"278","Y","Aves","Charadriiformes","Laridae","Rissa tridactyla","Black-legged kittiwake",1830,"meat",24,7729.2,322.05,76.25,"Flying Birds"
"279","Y","Aves","Passeriformes","Pyconitidae","Rubigula  Flaviventris","black-crested bulbul",217,"fruit/nectar/pollen",56,1152,20.5714285714286,3.875,"Flying Birds"
"280","Y","Aves","Passeriformes","Thraupidae","Saltator similis","Green winged saltator",129.9,"fiber/foliage",6,184.5,30.75,21.65,"Flying Birds"
"281","N","Reptilia","Squamata","Iguanidae","Sauromalus ater","chuckwalla",173,"fiber/foliage",3,12960,4320,57.6666666666667,"Reptilia"
"282","Y","Aves","Apodiformes","Trochilidae","Selasphorous rufus","Rufous Hummingbirds",2.5,"fruit/nectar/pollen",4,192,48,0.625,"Flying Birds"
"283","N","Mammalia","Primates","Cercopithecidae","Semnopithecus vetulus","purple-faced langur",21600,"fiber/foliage",12,44460,3705,1800,"Primates"
"284","Y","Aves","Passeriformes","Parulidae","Setophag coronata","yellow rumped warbler",11.5,"fiber/foliage",11,1353,123,1.04545454545455,"Flying Birds"
"285","Y","Aves","Passeriformes","Parulidae","Setophaga coronata","yellow rumped warbler",23,"fruit/nectar/pollen",34,1564,46,0.676470588235294,"Flying Birds"
"286","Y","Aves","Passeriformes","Parulidae","Setophaga coronata","yellow rumped warbler",23,"protein",28,1750,62.5,0.821428571428571,"Flying Birds"
"287","Y","Aves","Passeriformes","Parulidae","Setophaga coronata","yellow rumped warbler",11.5,"fiber/foliage",11,1166,106,1.04545454545455,"Flying Birds"
"288","N","Mammalia","Dasyuromorphia","Dasyuridae","Sminthopsis douglasi","Julia Creek dunnart",220,"meat",36,7473.6,207.6,6.11111111111111,"Dasyuromorphia"
"289","N","Mammalia","Soricomorpha","Soricidae","Sorex palustris","water shrew",13,"protein",7,350,50,1.85714285714286,"Soricomorpha"
"290","N","Mammalia","Soricomorpha","Soricidae","Sorex palustris","water shrew",13,"meat",8,440,55,1.625,"Soricomorpha"
"291","N","Mammalia","Rodentia","Sciuridae","Spermophilus columbianus","Columbian ground squirrel",1152,"protein",12,16056,1338,96,"Rodentia"
"292","Y","Aves","Columbiformes","Columbidae","Spilopelia senegalensis","laughing dove",160.5,"fiber/foliage",6,2043,340.5,26.75,"Flying Birds"
"293","Y","Aves","Steatornithiformes","Steatornithidae","Steatornis caripensis","oilbird",324,"fruit/nectar/pollen",9,3393,377,36,"Flying Birds"
"294","Y","Aves","Passeriformes","Thraupidae","Stephanophorus diadematus","Diademed tanager",177,"fiber/foliage",9,147.6,16.4,19.6666666666667,"Flying Birds"
"295","Y","Aves","Charadriiformes","Stercorariidae","Stercorarius skua","great skua",NA,"meat",12,4351.2,362.6,NA,"Flying Birds"
"296","Y","Aves","Columbiformes","Columbidae","Streptopelia semitorquata","red-eyed doe",236,"fiber/foliage",5,2308,461.6,47.2,"Flying Birds"
"297","N","Aves","Struthioniformes","Struthionidae","Struthio camelus","common ostrich",327000,"fiber/foliage",18,33444,1858,18166.6666666667,"Non-Flying Birds"
"298","N","Aves","Palaeognathae","Struthioniformes","Struthio camelus","Ostrich",NA,"fiber/foliage",14,30000,2142.85714285714,NA,"Non-Flying Birds"
"299","Y","Aves","Passeriformes","Sturnidae","Sturnus vulgaris","European Starling",164.5,"fruit/nectar/pollen",10,355,35.5,16.45,"Flying Birds"
"300","Y","Aves","Passeriformes","Sturnidae","Sturnus vulgaris","European Starling",85,"protein",5,100,20,17,"Flying Birds"
"301","N","Mammalia","Artiodactyla","Suidae","Sus scrofa","Wild pig",45000,"unk",1,4200,4200,45000,"Artiodactyla"
"302","Y","Mammalia","Chiroptera","Pteropodidae","Syconycteris australis","Common blossum bat",39.4,"fruit/nectar/pollen",6,639,106.5,6.56666666666667,"Chiroptera"
"303","Y","Aves","Passeriformes","Sylviidae","Sylvia atricapilla","blackcap",15.1,"protein",23,1828.5,79.5,0.656521739130435,"Flying Birds"
"304","N","Mammalia","Artiodactyla","Bovidae","Syncerus caffer","forest buffalo",1135000,"fiber/foliage",4,8640,2160,283750,"Artiodactyla"
"305","N","Mammalia","Rodentia","Sciuridae","Tamias amoenus","yellow-pine chipmunk",123.8,"protein",12,9648,804,10.3166666666667,"Rodentia"
"306","N","Mammalia","Perissodactyla","Tapiridae","Tapirus indicus","Malaysian tapir",2450000,"fruit/nectar/pollen",49,352926,7202.57142857143,50000,"Perissodactyla"
"307","N","Mammalia","Perissodactyla","Tapiridae","Tapirus indicus","Malaysian tapir",558000,"fiber/foliage",18,51840,2880,31000,"Perissodactyla"
"308","N","Mammalia","Perissodactyla","Tapiridae","Tapirus terrestris","lowland tapir",386000,"fiber/foliage",30,87300,2910,12866.6666666667,"Perissodactyla"
"309","Y","Aves","Musophagiformes","Musophagidae","Tauraco corythaix","Knysa turaco",321,"fiber/foliage",4,441.6,110.4,80.25,"Flying Birds"
"310","Y","Aves","Passeriformes","Mimidae","Taxostoma curviroste","Curve-billed Thrasher",154,"fiber/foliage",2,422,211,77,"Flying Birds"
"311","N","Mammalia","Primates","Cercopithecidae","Trachypithecus auratus","east Javan langur",21600,"fiber/foliage",12,32160,2680,1800,"Primates"
"312","N","Mammalia","Primates","Cercopithecidae","Trachypithecus cristatus","silvered leaf monkey",10800,"fruit/nectar/pollen",10,35700,3570,1080,"Primates"
"313","N","Mammalia","Primates","Cercopithecidae","Trachypithecus francoisi","Francois's langur",11920,"fiber/foliage",8,18528,2316,1490,"Primates"
"314","N","Mammalia","Primates","Cercopithecidae","Trachypithecus obscurus","dusky leaf monkey",12000,"fruit/nectar/pollen",4,14100,3525,3000,"Primates"
"315","N","Mammalia","Primates","Cercopithecidae","Trachypthecus auratus auratus","Janvan langur",21000,"protein",6,16200,2700,3500,"Primates"
"316","N","Mammalia","Artiodactyla","Bovidae","Tragelaphus angasii","nyala",128000,"fiber/foliage",12,21636,1803,10666.6666666667,"Artiodactyla"
"317","N","Mammalia","Artiodactyla","Bovidae","Tragelaphus eurycerus","bongo",366000,"fiber/foliage",6,12690,2115,61000,"Artiodactyla"
"318","N","Mammalia","Artiodactyla","Bovidae","Tragelaphus spekii","sitatunga",1e+05,"fiber/foliage",8,17808,2226,12500,"Artiodactyla"
"319","N","Mammalia","Artiodactyla","Tragulidae","Tragulus javanicus","lesser mousedeer",2800,"fiber/foliage",16,38064,2379,175,"Artiodactyla"
"320","N","Mammalia","Sirenia","Trichechidae","Trichechus manatus latirostris","Florida manatee",818000,"fiber/foliage",4,46080,11520,204500,"Sirenia"
"321","N","Mammalia","Diprotodontia","Phalangeridae","Trichosurus vulpecula","silver-gray brushtail possum",10900,"fiber/foliage",10,25500,2550,1090,"Diprotodontia"
"322","N","Mammalia","Diprotodontia","Phalangeridae","Trichosurus vulpecula","brushtail possum",2850,"fiber/foliage",4,145.2,36.3,712.5,"Diprotodontia"
"323","N","Mammalia","Diprotodontia","Phalangeridae","Trichosurus vulpecula","",5700,"fiber/foliage",8,289.6,36.2,712.5,"Diprotodontia"
"324","Y","Aves","Passeriformes","Troglodytidae","Troglodytes aedon","house wren",11,"protein",9,297,33,1.22222222222222,"Flying Birds"
"325","Y","Aves","Passeriformes","Turdidae","Turdus abicollis","White-necked thrush",216,"fiber/foliage",6,43.6,7.26666666666667,36,"Flying Birds"
"326","Y","Aves","Passeriformes","Turdidae","Turdus amaurochalinus","Cream-bellied thrush",289.5,"fiber/foliage",11,253.3,23.0272727272727,26.3181818181818,"Flying Birds"
"327","Y","Aves","Passeriformes","Turdidae","Turdus leucomelas","pale-breated thresh",69.1,"fiber/foliage",1,45,45,69.1,"Flying Birds"
"328","Y","Aves","Passeriformes","Turdidae","Turdus migratorius","American robin",154,"fruit/nectar/pollen",15,400,26.6666666666667,10.2666666666667,"Flying Birds"
"329","Y","Aves","Passeriformes","Turdidae","Turdus migratorius","American robin",77,"protein",9,198,22,8.55555555555556,"Flying Birds"
"330","Y","Aves","Passeriformes","Turdidae","Turdus rufiventris","Rufous bellied thrush",66.8,"fiber/foliage",1,20,20,66.8,"Flying Birds"
"331","Y","Aves","Charadriiformes","Alcidae","Uria aalge","common guillemot",2784,"meat",21,6314.4,300.685714285714,132.571428571429,"Flying Birds"
"332","Y","Aves","Charadriiformes","Alcidae","Uria aalge","common giuillemot",1856,"meat",2,758.4,379.2,928,"Flying Birds"
"333","Y","Aves","Charadriiformes","Alcidae","Uria lomvia","brunnich's guillemot",1852,"meat",12,3567.6,297.3,154.333333333333,"Flying Birds"
"334","N","Mammalia","Rodentia","Muridae","Uromys caudimaculatus","giant white-tailed rat",1270,"fiber/foliage",2,6054,3027,635,"Rodentia"
"335","N","Mammalia","Carnivora","Ursidae","Ursus americanus","black bear",46950,"fiber/foliage",5,2070,414,9390,"Carnivora"
"336","N","Mammalia","Carnivora","Ursidae","Ursus americanus","black bear",46950,"protein",5,3870,774,9390,"Carnivora"
"337","N","Mammalia","Carnivora","Ursidae","Ursus arctos","brown bear",340000,"fruit/nectar/pollen",6,2082,347,56666.6666666667,"Carnivora"
"338","N","Mammalia","Carnivora","Ursidae","Ursus arctos","brown bear",340000,"meat",6,5220,870,56666.6666666667,"Carnivora"
"339","N","Mammalia","Carnivora","Ursidae","Ursus arctos","brown bear",89900,"fiber/foliage",3,1260,420,29966.6666666667,"Carnivora"
"340","N","Mammalia","Carnivora","Ursidae","Ursus arctos","brown bear",89900,"protein",3,2340,780,29966.6666666667,"Carnivora"
"341","N","Mammalia","Carnivora","Ursidae","Ursus thibetanus","Asiatic black bear",325000,"fruit/nectar/pollen",15,16699.5,1113.3,21666.6666666667,"Carnivora"
"342","N","Mammalia","Primates","Lemuridae","Varecia variegata","black-and-white-ruffed lemur",29782,"fiber/foliage",36,9585.6,266.266666666667,827.277777777778,"Primates"
"343","N","Mammalia","Primates","Lemuridae","Varecia variegata","Black and White Ruffed Lemur",3600,"fruit/nectar/pollen",1,264,264,3600,"Primates"
"344","Y","Mammalia","Chiroptera","Vespertilionidae","Vespertilio murinus","Parti-colored bat",14.3,"protein",5,1210,242,2.86,"Chiroptera"
"345","N","Mammalia","Diprotodontia","Vombatidae","Vombatus ursinus","common wombat",117800,"fiber/foliage",16,53520,3345,7362.5,"Diprotodontia"
"346","N","Mammalia","Carnivora","Canidae","Vulpes lagopus","arctic fox",2300,"fruit/nectar/pollen",10,11928,1192.8,230,"Carnivora"
