genus.species,phylo_name
Acanthagenys refogularis,Acanthagenys_rufogularis
Accipiter gentilis,Accipiter_gentilis
Acciter nisus,Accipiter_nisus
Acinonyx jubatus,Acinonyx_jubatus
Acridotheres cristatellus,Acridotheres_cristatellus
Addax nasomaculatus,Addax_nasomaculatus
Adropadus milanjenis,
Aegolius acadicus,Aegolius
Ailurus fulgens,Ailurus
Alca torda,Alca_torda
Alces alces,Alces_alces
Allenopithecus nigroviridis,Allenopithecus_nigroviridis
Alophoixus pallidus,Alophoixus_pallidus
Alopochen aegyptiaca,Alopochen_aegyptiaca
Alouatta caraya ,Alouatta_caraya
Alouatta palliata,Alouatta_palliata
Alouatta palliata mexicana,Alouatta_palliata
Alouatta pigra,Alouatta_pigra
Alouatta sara,Alouatta_sara
Anas crecca,Anas_crecca
Anas erthrorhyncha,Anas_erythrorhyncha
Anas platyrhynchos,Anas_platyrhynchos
Anoura geoffroyi,Anoura_geoffroyi
Anser anser,Anser_anser
Anseranas semipalmata,Anseranas_semipalmata
Antechinus swainsonii,Antechinus_swainsonii
Antilope cervicapra,Antilope_cervicapra
Aptenodytes patagonicus,Aptenodytes_patagonicus
Apyprymnus rufescens,Aepyprymnus_rufescens
Arctictis binturong,Arctictis_binturong
Arizelocichla tephrolaemus,Pycnonotidae
Artibeus jamaicensis,Artibeus_jamaicensis
Artibeus lituratus,Artibeus_lituratus
Arvicola terrestris,Arvicola_amphibius
Asio flammeus,Asio_flammeus
Ateles belzebuth,Ateles_belzebuth
Ateles geoffroyi,Ateles_geoffroyi
Ateles paniscus,Ateles_paniscus
Atheris nitscheri,Atheris_nitschei
Bettongia penicillata,Bettongia_penicillata
Bison bison,Bison_bison
Bison bonasus,Bison_bonasus
Bitis arietans,Bitis_arietans
Bitis gabonica,Bitis_gabonica
Blarina brevicauda,Blarina_brevicauda
Bombycilla cedrorum,Bombycilla_cedrorum
Bos grunniens,Bos_grunniens
Bos javanicus,Bos_gaurus
Bos taurus,Bos_taurus
Boselaphus tragocamelus,Boselaphus_tragocamelus
Brachyphylla nana,Brachyphylla_nana
Brachyteles arachnoides,Brachyteles_arachnoides
Bradypus tridactylus,Bradypus_tridactylus
Bubalus bubalis,Bubalus_bubalis
Bubalus depressicornis,Bubalus_depressicornis
Bubo virginianus,Bubo_virginianus
Bulbalus bubalis,Bubalus_bubalis
Buteo buteo,Buteo_buteo
Buteo jamaicensis,Buteo_jamaicensis
Buteo lagopus,Buteo_lagopus
Buteo platypterus,Buteo_platypterus
Bycanistes bucinator,Bycanistes_bucinator
Cacajao calvus,Cacajao_calvus
Callithrix jacchus,Callithrix_jacchus
Camelus bactrianus,Camelus_bactrianus
Camelus dromedarius,Camelus_dromedarius
Canis familiaris,Canis_lupus
Capra hircus,Capra_hircus
Capra nubiana,Capra_nubiana
Capreolus capreolus,Capreolus_capreolus
Caracal caracal,Caracal_caracal
Caracara plancus,Caracara_plancus
Caretta caretta,Caretta_caretta
Carollia perspicillata,Carollia_perspicillata
Castor canadensis,Castor_canadensis
Casuaris casuaris,Casuarius_casuarius
Cavia porcellus,Cavia_porcellus
Cebuella pygmaea,Cebuella_pygmaea
Cebus apella,Sapajus_apella
Cebus capucinus,Cebus_capucinus
Cerathotherium simum,Ceratotherium_simum
Ceratogymna atrata,Ceratogymna_atrata
Ceratogymna cylindricus,Bycanistes
Cercopithecus aethiops,Chlorocebus_aethiops
Cercopithecus albogularis schwarzi,Cercopithecinae
Cercopithecus ascanius,Cercopithecus_ascanius
Cercopithecus erythrotis,Cercopithecus_erythrotis
Cercopithecus lhoesti,Allochrocebus_lhoesti
Cercopithecus mitis,Cercopithecus_nictitans
Cercopithecus neglectus,Cercopithecus_neglectus
Cercopithecus pogonias,Cercopithecus_mona
Cercopithecus talapoin,Miopithecus_talapoin
Cerdocyon thous,Cerdocyon_thous
Cervus elaphus,Cervus_elaphus
Cervus elaphus canadensis,Cervus_canadensis
Chelonia mydas,Chelonia_mydas
Chiloscyllium plagiosum,Chiloscyllium_punctatum
Chinchilla laniger,Chinchilla_lanigera
Chiropotes albinasus,Chiropotes_albinasus
Choeropsis liberiensis,Hexaprotodon_liberiensis
Choloepus didactylus,Choloepus_didactylus
Chrysocyon brachyurus,Chrysocyon_brachyurus
Cinnyris osea,Cinnyris_venustus
Colobus angolensis; Colobus polykomos; Trachypithecus johnii,Colobus_angolensis
Colobus guereza,Colobus_guereza
Columba livia,Columba_livia
Connochaetes taurinus,Connochaetes_taurinus
Corallus caninus,Corallus_caninus
Cordylus melanotus,Pseudocordylus_melanotus
Coturnix coturnix japonica,Coturnix_coturnix
Cryptotis parva,Cryptotis_parvus
Cuniculus paca,Cuniculus_paca
Cynocephalus volans,Cynocephalus_volans
Cynopterus brachyotis,Cynopterus_brachyotis
Cynopterus sphinx,Cynopterus_sphinx
Dama dama,Dama_dama
Delphinapterus leucas,Delphinapterus_leucas
Dicaeum hirundinaceum,Dicaeum_melanozanthum
Diceros bicornis,Diceros_bicornis
Dicotyles tajacu,Pecari_tajacu
Dipsosaurus dorsalis,Dipsosaurus_dorsalis
Dolichotis patagonum,Dolichotis_patagonum
Dromaius novaehollandiae,Dromaius_novaehollandiae
Ducula spilorrhoa,Ducula_bicolor
Dugong dugon,Dugong_dugon
Eidolon helvum,Eidolon_helvum
Elaenia parvirostris,Elaenia_parvirostris
Elaphe obsoleta,Pantherophis_obsoletus
Elaphurus davidianus,Elaphurus_davidianus
Elephantus edwardii,Elephantulus_edwardii
Elephas maximus,Elephas_maximus
Emydura macquarii,Emydura_macquarii
Epomops buettikoferi,Epomops_franqueti
Eptesicus fuscus,Eptesicus_nilssonii
Eptesicus serotinus,Eptesicus_serotinus
Equus africanus,Equus_asinus
Equus asinus,Equus_asinus
Equus caballus,Equus_caballus
Equus ferus,Equus_ferus
Equus grevyi,Equus_grevyi
Erethizon dorsatum,Erethizon_dorsatum
Erithacus rubecula,Erithacus_rubecula
Eudyptes chrysocome,Eudyptes_pachyrhynchus
Eulemer rubriventer,Eulemur_rubriventer
Eulemer rufifrons,Eulemur_rufifrons
Eulemur fulvus,Eulemur_albifrons
Eurillas latirostris,Pycnonotidae
Falco naumanni,Falco_naumanni
Falco peregrinus,Falco_peregrinus
Falco subbuteo,Falco_subbuteo
Falco tinnunculus,Falco_tinnunculus
Felis catus,Felis_catus
Ficedula hypoleuca,Ficedula_hypoleuca
Fratercula arctica,Fratercula_arctica
Fulica atra,Fulica_atra
Fulmarus glacialis,Fulmarus_glacialis
Galago moholi,Galago_moholi
Gallirex johnstoni,Gallirex_johnstoni
Gallotia atlantica,Gallotia_atlantica
Gallus gallus,Gallus_gallus
Gallus gallus domesticus,Gallus_gallus
Gazella gazella,Gazella_gazella
Gazella spekei,Gazella_spekei
Gazella subgutturosa marica,Gazella
Giraffa camelopardalis,Giraffa_reticulata
Gorilla gorilla,Gorilla_gorilla
Gulosus aristotelis,
Haliaeetus leucocephalus,Haliaeetus_leucocephalus
Hapalemur griseus,Hapalemur_aureus
Hemiphaga novaeseelandiae,Hemiphaga_novaeseelandiae
Hexaprotodon liberiensis,Hexaprotodon_liberiensis
Hippopotamus amphibius,Hippopotamus_amphibius
Hippotragus niger,Hippotragus_niger
Homo sapien,Homo_sapiens
Homo sapiens,Homo_sapiens
Hydrochoerus hydrochaeris,Hydrochoerus_hydrochaeris
Hydrurga leptonyx,Hydrurga_leptonyx
Hylobates lar,Hylobates_lar
Hypsipetes amaurotis,Hypsipetes_leucocephalus
Hystrix indica,Hystrix_indica
Iguana iguana,Iguana_iguana
Inia geoffrensis,Inia_geoffrensis
Isoodon macrourus,Isoodon_macrourus
Kobus ellipsiprymnus,Kobus_ellipsiprymnus
Lagenorhynchus obscurus,Lagenorhynchus_obscurus
Lagopus muta,Lagopus_muta
Lagostomus maximus,Lagostomus_maximus
Lagothrix lagothricha,Lagothrix_lagotricha
Lagothrix lagotricha,Lagothrix_lagotricha
Lagurus lagurus,Lagurus_lagurus
Lama glama,Lama_glama
Lama guanicoe,Lama_guanicoe
Lama pacos,Vicugna_pacos
Lanius excubitor,Lanius_excubitor
Larus smithsonianus,Larus_smithsonianus
Lasiopodomys brandtii,Lasiopodomys_brandtii
Lasiorhinus latifrons,Lasiorhinus_latifrons
Leontopithecus rosalia,Leontopithecus_rosalia
Leptonycteris curasoae,Leptonycteris_curasoae
Lissonycteris angolensis,Lissonycteris_angolensis
Litocranius walleri,Litocranius_walleri
Lontra canadensis,Lontra_canadensis
Lophocebus albigena,Lophocebus_albigena
Lotra canadensis,Lontra_canadensis
Loxodonta africana,Loxodonta_africana
Loxodonta cyclotis,Loxodonta_cyclotis
Lutra canadensus,Lontra_canadensis
Lycalopex culpaeus,Lycalopex_culpaeus
Lycalopex gymnocercus,Lycalopex_gymnocercus
Macaca cyclopis,Macaca_cyclopis
Macaca fascicularis,Macaca_fascicularis
Macaca fuscata,Macaca_fuscata
Macaca nemestrina,Macaca_nemestrina
Macronectes giganteus,Macronectes_giganteus
Macropus eugenii,Notamacropus_eugenii
Macropus giganteus,Macropus_giganteus
Macropus rufus,Osphranter_rufus
Madoqua saltiana phillipsi,Madoqua_saltiana
Manacus vittelinus,Manacus_vitellinus
Marmaronetta angustirostris,Marmaronetta_angustirostris
Marmota caligata,Marmota_caligata
Martes americana,Martes_americana
Martes melampus,Martes_melampus
Megalaima nuchalis,Psilopogon_nuchalis
Meleagris gallopavo,Meleagris_gallopavo
Melogale moschata,Melogale_moschata
Meriones unguiculatus,Meriones_unguiculatus
Mesocricetus auratus,Mesocricetus_auratus
Microtus agrestis,Microtus_agrestis
Microtus townsendii,Microtus_townsendii
Milvus milvus,Milvus_milvus
Mirounga angustirostris,Mirounga_angustirostris
Mirounga leonina,Mirounga_leonina
Mitu salvini,Mitu_salvini
Molossus molossus,Molossus_molossus
Monachus schauinslandi,Neomonachus_schauinslandi
Morus capensis,Morus_capensis
Mus musculus,Mus_musculus
Muscicaps striata,Muscicapa_ferruginea
Mustela putorius furo,Mustela_putorius
Myadestes melanops,Myadestes_melanops
Myocastor coypus,Myocastor_coypus
Myonycteris torquata,Myonycteris_torquata
Myotis bechsteinii,Myotis_bechsteinii
Myotis daubentonii,Myotis_daubentonii
Myotis lucifugus,Myotis_lucifugus
Myotis myotis,Myotis_myotis
Myotis nattereri,Myotis_nattereri
Myrmecophaga tridactyla,Myrmecophaga_tridactyla
Nanger dama,Nanger_dama
Nanger soemmerringii,Nanger_soemmerringii
Nasalis larvatus,Nasalis_larvatus
Nectarinia amesthystina,Nectarinia_senegalensis
Nectarinia famosa,Nectarinia_famosa
Neotoma lepida,Neotoma_lepida
Neovison vison,Neogale_vison
Netta rufina,Netta_rufina
Notamacropus eugenii,Notamacropus_eugenii
Nyctalus leisleri,Nyctalus_leisleri
Nyctalus noctula,Nyctalus_noctula
Nyctea scandiaca,Bubo_scandiacus
Nyctereutes procynoides,Nyctereutes_procyonoides
Nyctimene rabori,Nyctimene_albiventer
Nyctophilus gouldi,Nyctophilus_gouldi
Nymphicus hollandicus,Nymphicus_hollandicus
Obis aries,Ovis_aries
Octodon degus,Octodon_degus
Odobenus rosmarus divergens,Odobenus_rosmarus
Odocoileus virginianus,Odocoileus_virginianus
Okapia johnstoni,Okapia_johnstoni
Onychognathus morio,Onychognathus_morio
Onychognathus tristramii,Onychognathus_morio
Opisthocomus hoazin,Opisthocomus_hoazin
Oryctolagus cuniculus,Oryctolagus_cuniculus
Oryx gazella,Oryx_gazella
Oryx leucoryx,Oryx_leucoryx
Osphranter rufus,Osphranter_rufus
Otus asio,Megascops_asio
Ovibos moschatus,Ovibos_moschatus
Ovis aries,Ovis_aries
Pan paniscus,Pan_paniscus
Pan troglodytes,Pan_troglodytes
Papio cynocephalus,Papio_cynocephalus
Papio hamadryas,Papio_hamadryas
Paradoxurus hermaphroditus,Paradoxurus_hermaphroditus
Pecari tacaju,Pecari_tajacu
Perameles nasuta,Perameles_nasuta
Pernis apivorus,Pernis
Phacochoerus africanus,Phacochoerus_africanus
Phalanger gymnotis,Phalanger_gymnotis
Phascolarctos cinereus,Phascolarctos_cinereus
Phasianus colchicus,Phasianus_colchicus
Philantomba maxwellii,Philantomba_maxwellii
Phoca groenlandica,Phoca_groenlandica
Phoca vitulina,Phoca_vitulina
Phocoena phocoena,Phocoena_phocoena
Phoebetria fusca,Phoebetria
Phoenicurus phoenicuris,Phoenicurus_phoenicurus
Phyllostomus discolor,Phyllostomus_discolor
Phyllotis darwini,Phyllotis_darwini
Phyllotis xanthopygus,Phyllotis_xanthopygus
Phytotoma rara,Phytotoma_rara
Pipistrellus pipistrellus,Pipistrellus_pipistrellus
Pipra mentalis,Pipra_fasciicauda
Pithecia monachus,Pithecia_monachus
Pithecia pithecia,Pithecia_pithecia
Plecotus auritus,Plecotus_auritus
Plectopterus gambensis,Sarkidiornis_melanotos
Podarcis erhardii,Podarcis_erhardii
Pogona vitticeps,Pogona_vitticeps
Pongo pygmaeus,Pongo_pygmaeus
Potorous tridactylus,Potorous_longipes
Potos flavus,Potos_flavus
Prionailurus bengalensis,Prionailurus_bengalensis
Promerops gurneyi,Promerops
Propithecus tattersalli,Propithecus_tattersalli
Propithecus verreauxi coquereli,Propithecus_verreauxi
Pseudocheirus peregrinus,Pseudocheirus_peregrinus
Psilopogon asiaticus,Megalaima_asiatica
Psittacus erithacus,Psittacus_erithacus
Ptenochirus jagorii,Ptenochirus_jagorii
Pteronotus rubiginosus,Pteronotus_rubiginosus
Pteronura brasiliensis,Pteronura_brasiliensis
Pteropus alecto,Pteropus_alecto
Pteropus poliocephalus,Pteropus_poliocephalus
Pteropus rufus,Pteropus_rufus
Ptiliogonys cinereus,Ptilogonys_caudatus
Pudu puda,Pudu_puda
Pycnonotus goiavier,Pycnonotus_goiavier
Pycnonotus xanthopygos,Pycnonotus_xanthopygos
Pyconotus aurigaster,Pycnonotus_aurigaster
Pyconotus joscosus,Pycnonotus_jocosus
Pygathrix nemaeus,Pygathrix_nemaeus
Pygoscelis papua,Pygoscelis_papua
Python molurus,Python_molurus
Python regius,Python_regius
Ramphastos pluricinctus,Pteroglossus_pluricinctus
Rana catesbeiana,Lithobates_catesbeianus
Rangifer tarandus,Rangifer_tarandus
Rattus norvegicus,Rattus_norvegicus
Rattus rattus,Rattus_tanezumi
Rhea americana,Rhea_americana
Rhinoceros unicornis,Rhinoceros_unicornis
Rhinopithecus bieti,Rhinopithecus_bieti
Rhinoptera bonasus,Rhinoptera_steindachneri
Rissa tridactyla,Rissa_tridactyla
Rousettus aegyptiacus,Rousettus_aegyptiacus
Rubigula  Flaviventris,Pycnonotus_flaviventris
Rubigula flaviventris,Pycnonotus_flaviventris
Saguinus fusicollis,Leontocebus_nigricollis
Saguinus oedipus,Saguinus_oedipus
Saltator similis,Saltator_similis
Sauromalus ater,Sauromalus_ater
Saxicola torquata,Saxicola_torquatus
Scotonycteris zenkeri,Scotonycteris_zenkeri
Selasphorous rufus,Selasphorus_rufus
Semnopithecus vetulus,Trachypithecus_vetulus
Serinus domestica,Serinus_canaria
Setophag coronata,Setophaga_coronata
Setophaga coronata,Setophaga_coronata
Sminthopsis douglasi,Sminthopsis_douglasi
Sorex minutus,Sorex_minutus
Sorex palustris,Sorex_palustris
Spermophilus columbianus,Urocitellus_columbianus
Spheniscus demersus,Spheniscus_demersus
Spilopelia senegalensis,Spilopelia_senegalensis
Steatornis caripensis,Steatornis_caripensis
Stephanophorus diadematus,Stephanophorus_diadematus
Stercorarius skua,Stercorarius_skua
Stigmochelys pardalis,Stigmochelys_pardalis
Streptopelia semitorquata,Streptopelia_semitorquata
Strix varia,Strix_uralensis
Struthio camelus,Struthio_camelus
Sturnira lilium,Sturnira_lilium
Sturnus vulgaris,Sturnus_vulgaris
Sus scrofa,Sus_scrofa
Syconycteris australis,Syconycteris_australis
Sylvia atricapilla,Sylvia_atricapilla
Sylvia borin,Sylvia_borin
Sylvia cantillans,Curruca_cantillans
Sylvia communis,Sylvia_communis
Sylvia melanocephala,Curruca_melanocephala
Sylvia undata,Sylvia_undata
Syncerus caffer,Syncerus_caffer
Tamias amoenus,Tamias_amoenus
Tapirus bairdii,Tapirus_bairdii
Tapirus indicus,Tapirus_indicus
Tapirus terrestris,Tapirus_terrestris
Tauraco corythaix,Tauraco_corythaix
Tauraco hartlaubi,Tauraco_hartlaubi
Taxidea taxus,Taxidea_taxus
Taxostoma curviroste,Toxostoma_curvirostre
Terrapene carolina,Terrapene_ornata
Trachemys scripta elegans,Trachemys_dorbigni
Trachylepis margaritifer,Trachylepis_margaritifera
Trachypithecus auratus,Trachypithecus_auratus
Trachypithecus cristatus,Trachypithecus_cristatus
Trachypithecus francoisi,Trachypithecus_francoisi
Trachypithecus obscurus,Trachypithecus_obscurus
Trachypthecus auratus auratus,Trachypithecus_auratus
Tragelaphus angasii,Tragelaphus_angasii
Tragelaphus eurycerus,Tragelaphus_eurycerus
Tragelaphus spekii,Tragelaphus_spekii
Tragulus javanicus,Tragulus_javanicus
Tragulus napu,Tragulus_napu
Tremarctos ornatus,Tremarctos_ornatus
Trichechus manatus,Trichechus_manatus
Trichechus manatus latirostris,Trichechus_manatus
Trichosurus vulpecula,Trichosurus_vulpecula
Troglodytes aedon,Troglodytes_aedon
Turdus abicollis,Turdus_albicollis
Turdus amaurochalinus,Turdus_amaurochalinus
Turdus helleri,Turdus_helleri
Turdus leucomelas,Turdus_leucomelas
Turdus merula,Turdus_merula
Turdus migratorius,Turdus_migratorius
Turdus philomelos,Turdus_philomelos
Turdus rufiventris,Turdus_rufiventris
Tursiops truncatus,Tursiops_truncatus
Uria aalge,Uria_aalge
Uria lomvia,Uria_lomvia
Uromacer oxyrhynchus,Uromacer_oxyrhynchus
Uromys caudimaculatus,Uromys_caudimaculatus
Ursus americanus,Ursus_americanus
Ursus arctos,Ursus_arctos
Ursus thibetanus,Ursus_thibetanus
Varecia editorum,Varecia_variegata
Varecia variegata,Varecia_variegata
Vespertilio murinus,Vespertilio_murinus
Vombatus ursinus,Vombatus_ursinus
Vulpes lagopus,Vulpes_lagopus
Zalophus californianus,Zalophus_californianus
Zosterops lateralis,Zosterops_lateralis
Zosterops pallidus,Zosterops_pallidus